Extraction,Colour,box_label,box_prob,P(E_b),P(E_w)
0,-,P(H_0),0.1111111111111111,0.5,0.5
0,-,P(H_1),0.1111111111111111,0.5,0.5
0,-,P(H_2),0.1111111111111111,0.5,0.5
0,-,P(H_3),0.1111111111111111,0.5,0.5
0,-,P(H_4),0.1111111111111111,0.5,0.5
0,-,P(H_5),0.1111111111111111,0.5,0.5
0,-,P(H_6),0.1111111111111111,0.5,0.5
0,-,P(H_7),0.1111111111111111,0.5,0.5
0,-,P(H_8),0.1111111111111111,0.5,0.5
1,W,P(H_0),0,0.29166666666666674,0.7083333333333333
1,W,P(H_1),0.027777777777777776,0.29166666666666674,0.7083333333333333
1,W,P(H_2),0.05555555555555555,0.29166666666666674,0.7083333333333333
1,W,P(H_3),0.08333333333333333,0.29166666666666674,0.7083333333333333
1,W,P(H_4),0.1111111111111111,0.29166666666666674,0.7083333333333333
1,W,P(H_5),0.1388888888888889,0.29166666666666674,0.7083333333333333
1,W,P(H_6),0.16666666666666666,0.29166666666666674,0.7083333333333333
1,W,P(H_7),0.19444444444444442,0.29166666666666674,0.7083333333333333
1,W,P(H_8),0.2222222222222222,0.29166666666666674,0.7083333333333333
2,B,P(H_0),0,0.5,0.5
2,B,P(H_1),0.08333333333333333,0.5,0.5
2,B,P(H_2),0.14285714285714288,0.5,0.5
2,B,P(H_3),0.17857142857142858,0.5,0.5
2,B,P(H_4),0.1904761904761905,0.5,0.5
2,B,P(H_5),0.1785714285714286,0.5,0.5
2,B,P(H_6),0.14285714285714288,0.5,0.5
2,B,P(H_7),0.08333333333333333,0.5,0.5
2,B,P(H_8),0,0.5,0.5
3,W,P(H_0),0,0.40625,0.59375
3,W,P(H_1),0.020833333333333332,0.40625,0.59375
3,W,P(H_2),0.07142857142857144,0.40625,0.59375
3,W,P(H_3),0.13392857142857142,0.40625,0.59375
3,W,P(H_4),0.1904761904761905,0.40625,0.59375
3,W,P(H_5),0.22321428571428575,0.40625,0.59375
3,W,P(H_6),0.2142857142857143,0.40625,0.59375
3,W,P(H_7),0.14583333333333331,0.40625,0.59375
3,W,P(H_8),0,0.40625,0.59375
4,B,P(H_0),0,0.5,0.5
4,B,P(H_1),0.044871794871794865,0.5,0.5
4,B,P(H_2),0.13186813186813187,0.5,0.5
4,B,P(H_3),0.20604395604395603,0.5,0.5
4,B,P(H_4),0.23443223443223446,0.5,0.5
4,B,P(H_5),0.20604395604395606,0.5,0.5
4,B,P(H_6),0.13186813186813187,0.5,0.5
4,B,P(H_7),0.044871794871794865,0.5,0.5
4,B,P(H_8),0,0.5,0.5
5,B,P(H_0),0,0.5710851648351648,0.4289148351648352
5,B,P(H_1),0.07852564102564101,0.5710851648351648,0.4289148351648352
5,B,P(H_2),0.19780219780219782,0.5710851648351648,0.4289148351648352
5,B,P(H_3),0.25755494505494503,0.5710851648351648,0.4289148351648352
5,B,P(H_4),0.23443223443223446,0.5710851648351648,0.4289148351648352
5,B,P(H_5),0.15453296703296704,0.5710851648351648,0.4289148351648352
5,B,P(H_6),0.06593406593406594,0.5710851648351648,0.4289148351648352
5,B,P(H_7),0.011217948717948716,0.5710851648351648,0.4289148351648352
5,B,P(H_8),0,0.5710851648351648,0.4289148351648352
6,B,P(H_0),0,0.6244738424533975,0.37552615754660246
6,B,P(H_1),0.12031469232311083,0.6244738424533975,0.37552615754660246
6,B,P(H_2),0.25977149729404697,0.6244738424533975,0.37552615754660246
6,B,P(H_3),0.28187011425135294,0.6244738424533975,0.37552615754660246
6,B,P(H_4),0.20525155341751858,0.6244738424533975,0.37552615754660246
6,B,P(H_5),0.10147324113048709,0.6244738424533975,0.37552615754660246
6,B,P(H_6),0.028863499699338546,0.6244738424533975,0.37552615754660246
6,B,P(H_7),0.002455401884145119,0.6244738424533975,0.37552615754660246
6,B,P(H_8),0,0.6244738424533975,0.37552615754660246
7,W,P(H_0),0,0.555769615692554,0.44423038430744594
7,W,P(H_1),0.0400487056311716,0.555769615692554,0.44423038430744594
7,W,P(H_2),0.17293835068054447,0.555769615692554,0.44423038430744594
7,W,P(H_3),0.28147518014411527,0.555769615692554,0.44423038430744594
7,W,P(H_4),0.27328529490258874,0.555769615692554,0.44423038430744594
7,W,P(H_5),0.16888510808646917,0.555769615692554,0.44423038430744594
7,W,P(H_6),0.05764611689351481,0.555769615692554,0.44423038430744594
7,W,P(H_7),0.005721243661595942,0.555769615692554,0.44423038430744594
7,W,P(H_8),0,0.555769615692554,0.44423038430744594
8,B,P(H_0),0,0.6003466438572007,0.3996533561427993
8,B,P(H_1),0.06305241675295246,0.6003466438572007,0.3996533561427993
8,B,P(H_2),0.23337685139332828,0.6003466438572007,0.3996533561427993
8,B,P(H_3),0.31653761310944034,0.6003466438572007,0.3996533561427993
8,B,P(H_4),0.24586203274358856,0.6003466438572007,0.3996533561427993
8,B,P(H_5),0.11395354071939853,0.6003466438572007,0.3996533561427993
8,B,P(H_6),0.025930761265925355,0.6003466438572007,0.3996533561427993
8,B,P(H_7),0.0012867840153663766,0.6003466438572007,0.3996533561427993
8,B,P(H_8),0,0.6003466438572007,0.3996533561427993
9,W,P(H_0),0,0.545520627992115,0.454479372007885
9,W,P(H_1),0.019720970618605085,0.545520627992115,0.454479372007885
9,W,P(H_2),0.1459870459025627,0.545520627992115,0.454479372007885
9,W,P(H_3),0.29701140523796105,0.545520627992115,0.454479372007885
9,W,P(H_4),0.30759410494696326,0.545520627992115,0.454479372007885
9,W,P(H_5),0.17820684314277668,0.545520627992115,0.454479372007885
9,W,P(H_6),0.048662348634187544,0.545520627992115,0.454479372007885
9,W,P(H_7),0.002817281516943583,0.545520627992115,0.454479372007885
9,W,P(H_8),0,0.545520627992115,0.454479372007885
10,B,P(H_0),0,0.5834443752560955,0.4165556247439045
10,B,P(H_1),0.0316318914553106,0.5834443752560955,0.4165556247439045
10,B,P(H_2),0.20070787209261062,0.5834443752560955,0.4165556247439045
10,B,P(H_3),0.3402843426049305,0.5834443752560955,0.4165556247439045
10,B,P(H_4),0.2819271070272061,0.5834443752560955,0.4165556247439045
10,B,P(H_5),0.12250236333777502,0.5834443752560955,0.4165556247439045
10,B,P(H_6),0.02230087467695673,0.5834443752560955,0.4165556247439045
10,B,P(H_7),6.455488052104203e-4,0.5834443752560955,0.4165556247439045
10,B,P(H_8),0,0.5834443752560955,0.4165556247439045
11,W,P(H_0),0,0.5384440460930148,0.46155595390698523
11,W,P(H_1),0.009492097086300798,0.5384440460930148,0.46155595390698523
11,W,P(H_2),0.12045682507348474,0.5384440460930148,0.46155595390698523
11,W,P(H_3),0.30633754748912734,0.5384440460930148,0.46155595390698523
11,W,P(H_4),0.33840271296364427,0.5384440460930148,0.46155595390698523
11,W,P(H_5),0.18380252849347645,0.5384440460930148,0.46155595390698523
11,W,P(H_6),0.0401522750244949,0.5384440460930148,0.46155595390698523
11,W,P(H_7),0.0013560138694715424,0.5384440460930148,0.46155595390698523
11,W,P(H_8),0,0.5384440460930148,0.46155595390698523
12,B,P(H_0),0,0.5713984050375658,0.4286015949624342
12,B,P(H_1),0.015425158864285091,0.5713984050375658,0.4286015949624342
12,B,P(H_2),0.16778459983102328,0.5713984050375658,0.4286015949624342
12,B,P(H_3),0.35558191899410513,0.5713984050375658,0.4286015949624342
12,B,P(H_4),0.3142412989976549,0.5713984050375658,0.4286015949624342
12,B,P(H_5),0.12800949083787788,0.5713984050375658,0.4286015949624342
12,B,P(H_6),0.018642733314558138,0.5713984050375658,0.4286015949624342
12,B,P(H_7),3.1479916049561413e-4,0.5713984050375658,0.4286015949624342
12,B,P(H_8),0,0.5713984050375658,0.4286015949624342
13,W,P(H_0),0,0.5333128644156724,0.4666871355843276
13,W,P(H_1),0.0044986880139926515,0.5333128644156724,0.4666871355843276
13,W,P(H_2),0.09786746118252845,0.5333128644156724,0.4666871355843276
13,W,P(H_3),0.31111228047221,0.5333128644156724,0.4666871355843276
13,W,P(H_4),0.36658904527081526,0.5333128644156724,0.4666871355843276
13,W,P(H_5),0.1866673682833261,0.5333128644156724,0.4666871355843276
13,W,P(H_6),0.03262248706084281,0.5333128644156724,0.4666871355843276
13,W,P(H_7),6.426697162846645e-4,0.5333128644156724,0.4666871355843276
13,W,P(H_8),0,0.5333128644156724,0.4666871355843276
14,B,P(H_0),0,0.5624640180997168,0.4375359819002832
14,B,P(H_1),0.007380943297807861,0.5624640180997168,0.4375359819002832
14,B,P(H_2),0.1376313994737745,0.5624640180997168,0.4375359819002832
14,B,P(H_3),0.36459869669218714,0.5624640180997168,0.4375359819002832
14,B,P(H_4),0.34369042051186116,0.5624640180997168,0.4375359819002832
14,B,P(H_5),0.13125553080918745,0.5624640180997168,0.4375359819002832
14,B,P(H_6),0.015292377719308272,0.5624640180997168,0.4375359819002832
14,B,P(H_7),1.5063149587362984e-4,0.5624640180997168,0.4375359819002832
14,B,P(H_8),0,0.5624640180997168,0.4375359819002832
15,B,P(H_0),0,0.5881773651976149,0.4118226348023851
15,B,P(H_1),0.011482201843597592,0.5881773651976149,0.4118226348023851
15,B,P(H_2),0.18352027202392673,0.5881773651976149,0.4118226348023851
15,B,P(H_3),0.40513557863219285,0.5881773651976149,0.4118226348023851
15,B,P(H_4),0.30552213959660773,0.5881773651976149,0.4118226348023851
15,B,P(H_5),0.08750928498455371,0.5881773651976149,0.4118226348023851
15,B,P(H_6),0.0067970471119972835,0.5881773651976149,0.4118226348023851
15,B,P(H_7),3.347580712419124e-5,0.5881773651976149,0.4118226348023851
15,B,P(H_8),0,0.5881773651976149,0.4118226348023851
16,B,P(H_0),0,0.611021754783963,0.38897824521603697
16,B,P(H_1),0.01708145740999799,0.611021754783963,0.38897824521603697
16,B,P(H_2),0.2340113920767776,0.611021754783963,0.38897824521603697
16,B,P(H_3),0.4304989474731785,0.611021754783963,0.38897824521603697
16,B,P(H_4),0.25971939560608465,0.611021754783963,0.38897824521603697
16,B,P(H_5),0.055792663592523974,0.611021754783963,0.38897824521603697
16,B,P(H_6),0.002889029531812068,0.611021754783963,0.38897824521603697
16,B,P(H_7),7.11430962515535e-6,0.611021754783963,0.38897824521603697
16,B,P(H_8),0,0.611021754783963,0.38897824521603697
17,B,P(H_0),0,0.6314495595854683,0.36855044041453167
17,B,P(H_1),0.024461117982669454,0.6314495595854683,0.36855044041453167
17,B,P(H_2),0.287237799118359,0.6314495595854683,0.36855044041453167
17,B,P(H_3),0.4403474018136521,0.6314495595854683,0.36855044041453167
17,B,P(H_4),0.21252876315174146,0.6314495595854683,0.36855044041453167
17,B,P(H_5),0.03424141396502961,0.6314495595854683,0.36855044041453167
17,B,P(H_6),0.0011820485560426293,0.6314495595854683,0.36855044041453167
17,B,P(H_7),1.4554125056624895e-6,0.6314495595854683,0.36855044041453167
17,B,P(H_8),0,0.6314495595854683,0.36855044041453167
18,W,P(H_0),0,0.5999674281799963,0.4000325718200038
18,W,P(H_1),0.00829639423139629,0.5999674281799963,0.4000325718200038
18,W,P(H_2),0.19484293574258438,0.5999674281799963,0.4000325718200038
18,W,P(H_3),0.4480533939788194,0.5999674281799963,0.4000325718200038
18,W,P(H_4),0.2883306324538605,0.5999674281799963,0.4000325718200038
18,W,P(H_5),0.05806771985965503,0.5999674281799963,0.4000325718200038
18,W,P(H_6),0.0024054683425010406,0.5999674281799963,0.4000325718200038
18,W,P(H_7),3.4553911834220285e-6,0.5999674281799963,0.4000325718200038
18,W,P(H_8),0,0.5999674281799963,0.4000325718200038
19,B,P(H_0),0,0.6189848727601269,0.3810151272398731
19,B,P(H_1),0.01209956509554695,0.6189848727601269,0.3810151272398731
19,B,P(H_2),0.24356689203984117,0.6189848727601269,0.3810151272398731
19,B,P(H_3),0.46674762342723264,0.6189848727601269,0.3810151272398731
19,B,P(H_4),0.2402885714383802,0.6189848727601269,0.3810151272398731
19,B,P(H_5),0.03629429519770164,0.6189848727601269,0.3810151272398731
19,B,P(H_6),0.0010023328890528438,0.6189848727601269,0.3810151272398731
19,B,P(H_7),7.199122446330072e-7,0.6189848727601269,0.3810151272398731
19,B,P(H_8),0,0.6189848727601269,0.3810151272398731
20,W,P(H_0),0,0.5909287447856654,0.40907125521433463
20,W,P(H_1),0.003969515981949946,0.5909287447856654,0.40907125521433463
20,W,P(H_2),0.1598144500221512,0.5909287447856654,0.40907125521433463
20,W,P(H_3),0.4593790279487237,0.5909287447856654,0.40907125521433463
20,W,P(H_4),0.31532681284738506,0.5909287447856654,0.40907125521433463
20,W,P(H_5),0.05953552202215464,0.5909287447856654,0.40907125521433463
20,W,P(H_6),0.0019730179015080384,0.5909287447856654,0.40907125521433463
20,W,P(H_7),1.6532761274260502e-6,0.5909287447856654,0.40907125521433463
20,W,P(H_8),0,0.5909287447856654,0.40907125521433463
21,W,P(H_0),0,0.5652359944318491,0.43476400556815087
21,W,P(H_1),0.0012129659354426225,0.5652359944318491,0.43476400556815087
21,W,P(H_2),0.09766907842156725,0.5652359944318491,0.43476400556815087
21,W,P(H_3),0.42111767396247696,0.5652359944318491,0.43476400556815087
21,W,P(H_4),0.3854179544859101,0.5652359944318491,0.43476400556815087
21,W,P(H_5),0.09096141757589511,0.5652359944318491,0.43476400556815087
21,W,P(H_6),0.003617373274872859,0.5652359944318491,0.43476400556815087
21,W,P(H_7),3.5363438351096876e-6,0.5652359944318491,0.43476400556815087
21,W,P(H_8),0,0.5652359944318491,0.43476400556815087
22,B,P(H_0),0,0.583364660689428,0.41663533931057195
22,B,P(H_1),0.0018777027718822352,0.583364660689428,0.41663533931057195
22,B,P(H_2),0.12959508866700004,0.583364660689428,0.41663533931057195
22,B,P(H_3),0.4656436405666344,0.583364660689428,0.41663533931057195
22,B,P(H_4),0.3409354307604876,0.583364660689428,0.41663533931057195
22,B,P(H_5),0.06034741581743588,0.583364660689428,0.41663533931057195
22,B,P(H_6),0.001599939366259259,0.583364660689428,0.41663533931057195
22,B,P(H_7),7.820503006589903e-7,0.583364660689428,0.41663533931057195
22,B,P(H_8),0,0.583364660689428,0.41663533931057195
23,B,P(H_0),0,0.6000485557557378,0.3999514442442622
23,B,P(H_1),0.002816402905611815,0.6000485557557378,0.3999514442442622
23,B,P(H_2),0.16661330904992108,0.6000485557557378,0.3999514442442622
23,B,P(H_3),0.49887710889138637,0.6000485557557378,0.3999514442442622
23,B,P(H_4),0.2922146761149069,0.6000485557557378,0.3999514442442622
23,B,P(H_5),0.038792683987394244,0.6000485557557378,0.3999514442442622
23,B,P(H_6),6.856514775716914e-4,0.6000485557557378,0.3999514442442622
23,B,P(H_7),1.6757320792597226e-7,0.6000485557557378,0.3999514442442622
23,B,P(H_8),0,0.6000485557557378,0.3999514442442622
24,W,P(H_0),0,0.5769366445612656,0.42306335543873436
24,W,P(H_1),8.802327589207786e-4,0.5769366445612656,0.42306335543873436
24,W,P(H_2),0.10414596037073277,0.5769366445612656,0.42306335543873436
24,W,P(H_3),0.46775406996659136,0.5769366445612656,0.42306335543873436
24,W,P(H_4),0.3653126902280202,0.5769366445612656,0.42306335543873436
24,W,P(H_5),0.0606209274676703,0.5769366445612656,0.42306335543873436
24,W,P(H_6),0.00128575259716954,0.5769366445612656,0.42306335543873436
24,W,P(H_7),3.666108950107367e-7,0.5769366445612656,0.42306335543873436
24,W,P(H_8),0,0.5769366445612656,0.42306335543873436
25,W,P(H_0),0,0.5555452186930221,0.44445478130697796
25,W,P(H_1),2.6007711008435737e-4,0.5555452186930221,0.44445478130697796
25,W,P(H_2),0.0615427683772854,0.5555452186930221,0.44445478130697796
25,W,P(H_3),0.4146134946042929,0.5555452186930221,0.44445478130697796
25,W,P(H_4),0.4317470250397552,0.5555452186930221,0.44445478130697796
25,W,P(H_5),0.08955651483452737,0.5555452186930221,0.44445478130697796
25,W,P(H_6),0.0022793617917513105,0.5555452186930221,0.44445478130697796
25,W,P(H_7),7.582423034529371e-7,0.5555452186930221,0.44445478130697796
25,W,P(H_8),0,0.5555452186930221,0.44445478130697796
26,B,P(H_0),0,0.5714178207569286,0.4285821792430714
26,B,P(H_1),4.096290700857598e-4,0.5714178207569286,0.4285821792430714
26,B,P(H_2),0.08308428320480082,0.5714178207569286,0.4285821792430714
26,B,P(H_3),0.4664488603417764,0.5714178207569286,0.4285821792430714
26,B,P(H_4),0.3885795525839328,0.5714178207569286,0.4285821792430714
26,B,P(H_5),0.06045177230029428,0.5714178207569286,0.4285821792430714
26,B,P(H_6),0.0010257318914172937,0.5714178207569286,0.4285821792430714
26,B,P(H_7),1.7060769266379006e-7,0.5714178207569286,0.4285821792430714
26,B,P(H_8),0,0.5714178207569286,0.4285821792430714
27,W,P(H_0),0,0.5517090654804424,0.4482909345195576
27,W,P(H_1),1.1947214849472242e-4,0.5517090654804424,0.4482909345195576
27,W,P(H_2),0.04846461613939352,0.5517090654804424,0.4482909345195576
27,W,P(H_3),0.40813251483552887,0.5517090654804424,0.4482909345195576
27,W,P(H_4),0.45333143957386635,0.5517090654804424,0.4482909345195576
27,W,P(H_5),0.08815662320447432,0.5517090654804424,0.4482909345195576
27,W,P(H_6),0.0017949857829405,0.5517090654804424,0.4482909345195576
27,W,P(H_7),3.483153017338847e-7,0.5517090654804424,0.4482909345195576
27,W,P(H_8),0,0.5517090654804424,0.4482909345195576
28,B,P(H_0),0,0.5666422353653837,0.4333577646346163
28,B,P(H_1),1.8948053688740393e-4,0.5666422353653837,0.4333577646346163
28,B,P(H_2),0.06588338742067247,0.5666422353653837,0.4333577646346163
28,B,P(H_3),0.4623502453237249,0.5666422353653837,0.4333577646346163
28,B,P(H_4),0.4108428408540774,0.5666422353653837,0.4333577646346163
28,B,P(H_5),0.0599205917939548,0.5666422353653837,0.4333577646346163
28,B,P(H_6),8.13375153341635e-4,0.5666422353653837,0.4333577646346163
28,B,P(H_7),7.891734147746937e-8,0.5666422353653837,0.4333577646346163
28,B,P(H_8),0,0.5666422353653837,0.4333577646346163
29,B,P(H_0),0,0.580609600063308,0.419390399936692
29,B,P(H_1),2.9259285564827293e-4,0.580609600063308,0.419390399936692
29,B,P(H_2),0.08720236064585273,0.580609600063308,0.419390399936692
29,B,P(H_3),0.5099671102719591,0.580609600063308,0.419390399936692
29,B,P(H_4),0.36252401887158714,0.580609600063308,0.419390399936692
29,B,P(H_5),0.03965504249474758,0.580609600063308,0.419390399936692
29,B,P(H_6),3.588574512175007e-4,0.580609600063308,0.419390399936692
29,B,P(H_7),1.740898766277581e-8,0.580609600063308,0.419390399936692
29,B,P(H_8),0,0.580609600063308,0.419390399936692
30,W,P(H_0),0,0.5624793258240968,0.4375206741759032
30,W,P(H_1),8.720778291910132e-5,0.5624793258240968,0.4375206741759032
30,W,P(H_2),0.051981614659644175,0.5624793258240968,0.4375206741759032
30,W,P(H_3),0.4559896134505044,0.5624793258240968,0.4375206741759032
30,W,P(H_4),0.4322035255531732,0.5624793258240968,0.4375206741759032
30,W,P(H_5),0.059096253903185444,0.5624793258240968,0.4375206741759032
30,W,P(H_6),6.417483291314093e-4,0.5624793258240968,0.4375206741759032
30,W,P(H_7),3.632144228200806e-8,0.5624793258240968,0.4375206741759032
30,W,P(H_8),0,0.5624793258240968,0.4375206741759032
31,B,P(H_0),0,0.5757167535287208,0.42428324647127924
31,B,P(H_1),1.3566153732391036e-4,0.5757167535287208,0.42428324647127924
31,B,P(H_2),0.06931136702244807,0.5757167535287208,0.42428324647127924
31,B,P(H_3),0.5066737483889155,0.5757167535287208,0.42428324647127924
31,B,P(H_4),0.38419503234180685,0.5757167535287208,0.42428324647127924
31,B,P(H_5),0.039398950674722114,0.5757167535287208,0.42428324647127924
31,B,P(H_6),2.8523196305534174e-4,0.5757167535287208,0.42428324647127924
31,B,P(H_7),8.07172828725593e-9,0.5757167535287208,0.42428324647127924
31,B,P(H_8),0,0.5757167535287208,0.42428324647127924
32,B,P(H_0),0,0.5881677115551656,0.41183228844483444
32,B,P(H_1),2.0618445516975873e-4,0.5881677115551656,0.41183228844483444
32,B,P(H_2),0.09029357743754239,0.5881677115551656,0.41183228844483444
32,B,P(H_3),0.5500466866772784,0.5881677115551656,0.41183228844483444
32,B,P(H_4),0.3336667119611975,0.5881677115551656,0.41183228844483444
32,B,P(H_5),0.025662978213615132,0.5881677115551656,0.41183228844483444
32,B,P(H_6),1.2385950265780845e-4,0.5881677115551656,0.41183228844483444
32,B,P(H_7),1.752538952050241e-9,0.5881677115551656,0.41183228844483444
32,B,P(H_8),0,0.5881677115551656,0.41183228844483444
33,B,P(H_0),0,0.5999024646904871,0.40009753530951286
33,B,P(H_1),3.067346179145329e-4,0.5999024646904871,0.40009753530951286
33,B,P(H_2),0.11513753942578529,0.5999024646904871,0.40009753530951286
33,B,P(H_3),0.5844917570607838,0.5999024646904871,0.40009753530951286
33,B,P(H_4),0.2836492937354163,0.5999024646904871,0.40009753530951286
33,B,P(H_5),0.016362028450456777,0.5999024646904871,0.40009753530951286
33,B,P(H_6),5.2646337186001495e-5,0.5999024646904871,0.40009753530951286
33,B,P(H_7),3.724573190647398e-10,0.5999024646904871,0.40009753530951286
33,B,P(H_8),0,0.5999024646904871,0.40009753530951286
34,W,P(H_0),0,0.5832806198184832,0.41671938018151683
34,W,P(H_1),9.583120078371795e-5,0.5832806198184832,0.41671938018151683
34,W,P(H_2),0.07194341958187497,0.5832806198184832,0.41671938018151683
34,W,P(H_3),0.5478274409469539,0.5832806198184832,0.41671938018151683
34,W,P(H_4),0.35447518255265814,0.5832806198184832,0.41671938018151683
34,W,P(H_5),0.02555943708482111,0.5832806198184832,0.41671938018151683
34,W,P(H_6),9.868781835648143e-5,0.5832806198184832,0.41671938018151683
34,W,P(H_7),8.145517665574547e-10,0.5832806198184832,0.41671938018151683
34,W,P(H_8),0,0.5832806198184832,0.41671938018151683
35,W,P(H_0),0,0.5675875257782728,0.4324124742217273
35,W,P(H_1),2.8745723543615637e-5,0.5675875257782728,0.4324124742217273
35,W,P(H_2),0.043160591397583596,0.5675875257782728,0.4324124742217273
35,W,P(H_3),0.4929823284571577,0.5675875257782728,0.4324124742217273
35,W,P(H_4),0.42531641124808495,0.5675875257782728,0.4324124742217273
35,W,P(H_5),0.03833430586082862,0.5675875257782728,0.4324124742217273
35,W,P(H_6),1.7761560245919175e-4,0.5675875257782728,0.4324124742217273
35,W,P(H_7),1.7103423301966828e-9,0.5675875257782728,0.4324124742217273
35,W,P(H_8),0,0.5675875257782728,0.4324124742217273
36,W,P(H_0),0,0.552679469928623,0.447320530071377
36,W,P(H_1),8.309694232154526e-6,0.552679469928623,0.447320530071377
36,W,P(H_2),0.024953368583587755,0.552679469928623,0.447320530071377
36,W,P(H_3),0.4275278448064372,0.552679469928623,0.447320530071377
36,W,P(H_4),0.4917947984890883,0.552679469928623,0.447320530071377
36,W,P(H_5),0.055407608686914314,0.552679469928623,0.447320530071377
36,W,P(H_6),3.080662788097253e-4,0.552679469928623,0.447320530071377
36,W,P(H_7),3.4609305423384126e-9,0.552679469928623,0.447320530071377
36,W,P(H_8),0,0.552679469928623,0.447320530071377
37,B,P(H_0),0,0.5641703049799732,0.4358296950200268
37,B,P(H_1),1.3155875781082002e-5,0.5641703049799732,0.4358296950200268
37,B,P(H_2),0.03386235142786797,0.5641703049799732,0.4358296950200268
37,B,P(H_3),0.4834717364090474,0.5641703049799732,0.4358296950200268
37,B,P(H_4),0.4449186420409304,0.5641703049799732,0.4358296950200268
37,B,P(H_5),0.03759476222316757,0.5641703049799732,0.4358296950200268
37,B,P(H_6),1.3935124044390108e-4,0.5641703049799732,0.4358296950200268
37,B,P(H_7),7.827616934064383e-10,0.5641703049799732,0.4358296950200268
37,B,P(H_8),0,0.5641703049799732,0.4358296950200268
38,B,P(H_0),0,0.5750726734979352,0.4249273265020648
38,B,P(H_1),2.0404107069859658e-5,0.5750726734979352,0.4249273265020648
38,B,P(H_2),0.045016129609661934,0.5750726734979352,0.4249273265020648
38,B,P(H_3),0.535600389790776,0.5750726734979352,0.4249273265020648
38,B,P(H_4),0.39431235401225523,0.5750726734979352,0.4249273265020648
38,B,P(H_5),0.024988971786078475,0.5750726734979352,0.4249273265020648
38,B,P(H_6),6.175052072655957e-5,0.5750726734979352,0.4249273265020648
38,B,P(H_7),1.7343204846500753e-10,0.5750726734979352,0.4249273265020648
38,B,P(H_8),0,0.5750726734979352,0.4249273265020648
39,W,P(H_0),0,0.5610854833176003,0.43891451668239967
39,W,P(H_1),6.002234322579072e-6,0.5610854833176003,0.43891451668239967
39,W,P(H_2),0.026484605014831394,0.5610854833176003,0.43891451668239967
39,W,P(H_3),0.4726694040247021,0.5610854833176003,0.43891451668239967
39,W,P(H_4),0.463976225367962,0.5610854833176003,0.43891451668239967
39,W,P(H_5),0.03675477285696088,0.5610854833176003,0.43891451668239967
39,W,P(H_6),1.0899014409395633e-4,0.5610854833176003,0.43891451668239967
39,W,P(H_7),3.5712704959713665e-10,0.5610854833176003,0.43891451668239967
39,W,P(H_8),0,0.5610854833176003,0.43891451668239967
40,B,P(H_0),0,0.5715852386644195,0.42841476133558054
40,B,P(H_1),9.360347377377858e-6,0.5715852386644195,0.42841476133558054
40,B,P(H_2),0.035401831542093046,0.5715852386644195,0.42841476133558054
40,B,P(H_3),0.5265122451015514,0.5715852386644195,0.42841476133558054
40,B,P(H_4),0.4134630454387732,0.5715852386644195,0.42841476133558054
40,B,P(H_5),0.024564955307458013,0.5715852386644195,0.42841476133558054
40,B,P(H_6),4.856218318531281e-5,0.5715852386644195,0.42841476133558054
40,B,P(H_7),7.956163994065281e-11,0.5715852386644195,0.42841476133558054
40,B,P(H_8),0,0.5715852386644195,0.42841476133558054
41,B,P(H_0),0,0.5815629294685821,0.4184370705314179
41,B,P(H_1),1.4329103344836716e-5,0.5815629294685821,0.4184370705314179
41,B,P(H_2),0.04645216821660825,0.5815629294685821,0.4184370705314179
41,B,P(H_3),0.5757149256642513,0.5815629294685821,0.4184370705314179
41,B,P(H_4),0.3616810035235352,0.5815629294685821,0.4184370705314179
41,B,P(H_5),0.016116333343074808,0.5815629294685821,0.4184370705314179
41,B,P(H_6),2.1240131786286345e-5,0.5815629294685821,0.4184370705314179
41,B,P(H_7),1.7399338401075262e-11,0.5815629294685821,0.4184370705314179
41,B,P(H_8),0,0.5815629294685821,0.4184370705314179
42,B,P(H_0),0,0.5910227054173328,0.4089772945826672
42,B,P(H_1),2.155908637125308e-5,0.5910227054173328,0.4089772945826672
42,B,P(H_2),0.05990602976412427,0.5910227054173328,0.4089772945826672
42,B,P(H_3),0.6187152074306962,0.5910227054173328,0.4089772945826672
42,B,P(H_4),0.31095603347176065,0.5910227054173328,0.4089772945826672
42,B,P(H_5),0.010392039618439175,0.5910227054173328,0.4089772945826672
42,B,P(H_6),9.130624868788944e-6,0.5910227054173328,0.4089772945826672
42,B,P(H_7),3.739779807013823e-12,0.5910227054173328,0.4089772945826672
42,B,P(H_8),0,0.5910227054173328,0.4089772945826672
43,B,P(H_0),0,0.5999773480334301,0.40002265196656994
43,B,P(H_1),3.1917894865859784e-5,0.5999773480334301,0.40002265196656994
43,B,P(H_2),0.07601995982771521,0.5999773480334301,0.40002265196656994
43,B,P(H_3),0.6542845158057519,0.5999773480334301,0.40002265196656994
43,B,P(H_4),0.263066063808994,0.5999773480334301,0.40002265196656994
43,B,P(H_5),0.006593680447797571,0.5999773480334301,0.40002265196656994
43,B,P(H_6),3.8622140846271e-6,0.5999773480334301,0.40002265196656994
43,B,P(H_7),7.909551893554349e-13,0.5999773480334301,0.40002265196656994
43,B,P(H_8),0,0.5999773480334301,0.40002265196656994
44,W,P(H_0),0,0.5872612455743662,0.41273875442563385
44,W,P(H_1),9.973777331404464e-6,0.5872612455743662,0.41273875442563385
44,W,P(H_2),0.04750978441720109,0.5872612455743662,0.41273875442563385
44,W,P(H_3),0.6133569992122883,0.5872612455743662,0.41273875442563385
44,W,P(H_4),0.3288139590542219,0.5872612455743662,0.41273875442563385
44,W,P(H_5),0.01030204229588948,0.5872612455743662,0.41273875442563385
44,W,P(H_6),7.2412413377840405e-6,0.5872612455743662,0.41273875442563385
44,W,P(H_7),1.730116500362193e-12,0.5872612455743662,0.41273875442563385
44,W,P(H_8),0,0.5872612455743662,0.41273875442563385
45,B,P(H_0),0,0.5959479488927935,0.40405205110720654
45,B,P(H_1),1.4860601190264954e-5,0.5959479488927935,0.40405205110720654
45,B,P(H_2),0.06067544654347298,0.5959479488927935,0.40405205110720654
45,B,P(H_3),0.6527727266129226,0.5959479488927935,0.40405205110720654
45,B,P(H_4),0.2799554385141046,0.5959479488927935,0.40405205110720654
45,B,P(H_5),0.006578445095896152,0.5959479488927935,0.40405205110720654
45,B,P(H_6),3.0826320450882985e-6,0.5959479488927935,0.40405205110720654
45,B,P(H_7),3.68259550881411e-13,0.5959479488927935,0.40405205110720654
45,B,P(H_8),0,0.5959479488927935,0.40405205110720654
46,W,P(H_0),0,0.5838434415814755,0.4161565584185245
46,W,P(H_1),4.5973659673125926e-6,0.5838434415814755,0.4161565584185245
46,W,P(H_2),0.03754185034898763,0.5838434415814755,0.4161565584185245
46,W,P(H_3),0.6058372227267728,0.5838434415814755,0.4161565584185245
46,W,P(H_4),0.346434868659811,0.5838434415814755,0.4161565584185245
46,W,P(H_5),0.010175738926874523,0.5838434415814755,0.4161565584185245
46,W,P(H_6),5.721970789359493e-6,0.5838434415814755,0.4161565584185245
46,W,P(H_7),7.974891010656908e-13,0.5838434415814755,0.4161565584185245
46,W,P(H_8),0,0.5838434415814755,0.4161565584185245
47,B,P(H_0),0,0.5923094947256377,0.40769050527436235
47,B,P(H_1),6.890023822999731e-6,0.5923094947256377,0.40769050527436235
47,B,P(H_2),0.04822592112274586,0.5923094947256377,0.40769050527436235
47,B,P(H_3),0.6485441768063305,0.5923094947256377,0.40769050527436235
47,B,P(H_4),0.29668473085987884,0.5923094947256377,0.40769050527436235
47,B,P(H_5),0.006535831056424456,0.5923094947256377,0.40769050527436235
47,B,P(H_6),2.4501306265684023e-6,0.5923094947256377,0.40769050527436235
47,B,P(H_7),1.7074121336909821e-13,0.5923094947256377,0.40769050527436235
47,B,P(H_8),0,0.5923094947256377,0.40769050527436235
48,B,P(H_0),0,0.6002948882765274,0.39970511172347256
48,B,P(H_1),1.0178413310624606e-5,0.6002948882765274,0.39970511172347256
48,B,P(H_2),0.06106510390959267,0.6002948882765274,0.39970511172347256
48,B,P(H_3),0.684338363834119,0.6002948882765274,0.39970511172347256
48,B,P(H_4),0.25044738730493044,0.6002948882765274,0.39970511172347256
48,B,P(H_5),0.004137932395114592,0.6002948882765274,0.39970511172347256
48,B,P(H_6),1.0341428967398716e-6,0.6002948882765274,0.39970511172347256
48,B,P(H_7),3.603293862615415e-14,0.6002948882765274,0.39970511172347256
48,B,P(H_8),0,0.6002948882765274,0.39970511172347256
49,B,P(H_0),0,0.6078185946582444,0.3921814053417556
49,B,P(H_1),1.4836227695302156e-5,0.6078185946582444,0.3921814053417556
49,B,P(H_2),0.07629388293424406,0.6078185946582444,0.3921814053417556
49,B,P(H_3),0.7125022813775783,0.6078185946582444,0.3921814053417556
49,B,P(H_4),0.20860363147850192,0.6078185946582444,0.3921814053417556
49,B,P(H_5),0.0025849373007706938,0.6078185946582444,0.3921814053417556
49,B,P(H_6),4.306812022458414e-7,0.6078185946582444,0.3921814053417556
49,B,P(H_7),7.503174550096177e-15,0.6078185946582444,0.3921814053417556
49,B,P(H_8),0,0.6078185946582444,0.3921814053417556
50,B,P(H_0),0,0.614924118281925,0.38507588171807505
50,B,P(H_1),2.1357851417310707e-5,0.614924118281925,0.38507588171807505
50,B,P(H_2),0.09414060823995707,0.614924118281925,0.38507588171807505
50,B,P(H_3),0.7326428144426401,0.614924118281925,0.38507588171807505
50,B,P(H_4),0.17160023838674482,0.614924118281925,0.38507588171807505
50,B,P(H_5),0.0015948039370760668,0.614924118281925,0.38507588171807505
50,B,P(H_6),1.7714216298696765e-7,0.614924118281925,0.38507588171807505
50,B,P(H_7),1.5430538437037607e-15,0.614924118281925,0.38507588171807505
50,B,P(H_8),0,0.614924118281925,0.38507588171807505
51,B,P(H_0),0,0.6216757031281059,0.37832429687189406
51,B,P(H_1),3.0390936758767536e-5,0.6216757031281059,0.37832429687189406
51,B,P(H_2),0.11481978683359634,0.6216757031281059,0.37832429687189406
51,B,P(H_3),0.7446475840076179,0.6216757031281059,0.37832429687189406
51,B,P(H_4),0.13952960477968362,0.6216757031281059,0.37832429687189406
51,B,P(H_5),9.725614244477166e-4,0.6216757031281059,0.37832429687189406
51,B,P(H_6),7.201789526563711e-8,0.6216757031281059,0.37832429687189406
51,B,P(H_7),3.1366753186047483e-16,0.6216757031281059,0.37832429687189406
51,B,P(H_8),0,0.6216757031281059,0.37832429687189406
52,B,P(H_0),0,0.6281515118561937,0.37184848814380633
52,B,P(H_1),4.277482541157296e-5,0.6281515118561937,0.37184848814380633
52,B,P(H_2),0.1385205175172367,0.6281515118561937,0.37184848814380633
52,B,P(H_3),0.7486294504722784,0.6281515118561937,0.37184848814380633
52,B,P(H_4),0.11222057101283511,0.6281515118561937,0.37184848814380633
52,B,P(H_5),5.8665721103908e-4,0.6281515118561937,0.37184848814380633
52,B,P(H_6),2.8961199103995182e-8,0.6281515118561937,0.37184848814380633
52,B,P(H_7),6.306896229862766e-17,0.6281515118561937,0.37184848814380633
52,B,P(H_8),0,0.6281515118561937,0.37184848814380633
53,B,P(H_0),0,0.6344354114914669,0.36556458850853313
53,B,P(H_1),5.958430653860297e-5,0.6344354114914669,0.36556458850853313
53,B,P(H_2),0.1653906520592945,0.6344354114914669,0.36556458850853313
53,B,P(H_3),0.7448734862749029,0.6344354114914669,0.36556458850853313
53,B,P(H_4),0.08932603750424978,0.6344354114914669,0.36556458850853313
53,B,P(H_5),3.50228328655237e-4,0.6344354114914669,0.36556458850853313
53,B,P(H_6),1.1526358910772405e-8,0.6344354114914669,0.36556458850853313
53,B,P(H_7),1.2550507542411678e-17,0.6344354114914669,0.36556458850853313
53,B,P(H_8),0,0.6344354114914669,0.36556458850853313
54,W,P(H_0),0,0.6237217474273682,0.37627825257263187
54,W,P(H_1),2.037406945708998e-5,0.6237217474273682,0.37627825257263187
54,W,P(H_2),0.11310631367091092,0.6237217474273682,0.37627825257263187
54,W,P(H_3),0.7640990570030785,0.6237217474273682,0.37627825257263187
54,W,P(H_4),0.12217545176994721,0.6237217474273682,0.37627825257263187
54,W,P(H_5),5.987798388858817e-4,0.6237217474273682,0.37627825257263187
54,W,P(H_6),2.364772041610785e-8,0.6237217474273682,0.37627825257263187
54,W,P(H_7),3.004036617554898e-17,0.6237217474273682,0.37627825257263187
54,W,P(H_8),0,0.6237217474273682,0.37627825257263187
55,W,P(H_0),0,0.6138531353704189,0.3861468646295812
55,W,P(H_1),6.768285609715524e-6,0.6138531353704189,0.3861468646295812
55,W,P(H_2),0.07514805393189601,0.6138531353704189,0.3861468646295812
55,W,P(H_3),0.7615033407248137,0.6138531353704189,0.3861468646295812
55,W,P(H_4),0.1623472137103699,0.6138531353704189,0.3861468646295812
55,W,P(H_5),9.945762125368595e-4,0.6138531353704189,0.3861468646295812
55,W,P(H_6),4.713477377664127e-8,0.6138531353704189,0.3861468646295812
55,W,P(H_7),6.98560712023387e-17,0.6138531353704189,0.3861468646295812
55,W,P(H_8),0,0.6138531353704189,0.3861468646295812
56,B,P(H_0),0,0.6197978824361805,0.3802021175638195
56,B,P(H_1),9.647665813301427e-6,0.6197978824361805,0.3802021175638195
56,B,P(H_2),0.09181518705595913,0.6197978824361805,0.3802021175638195
56,B,P(H_3),0.7753313627140004,0.6197978824361805,0.3802021175638195
56,B,P(H_4),0.13223620142658743,0.6197978824361805,0.3802021175638195
56,B,P(H_5),6.075819413649529e-4,0.6197978824361805,0.3802021175638195
56,B,P(H_6),1.9196274752347164e-8,0.6197978824361805,0.3802021175638195
56,B,P(H_7),1.4224915370063494e-17,0.6197978824361805,0.3802021175638195
56,B,P(H_8),0,0.6197978824361805,0.3802021175638195
57,W,P(H_0),0,0.610559847439631,0.38944015256036896
57,W,P(H_1),3.1718871909235234e-6,0.610559847439631,0.38944015256036896
57,W,P(H_2),0.060372616836193285,0.610559847439631,0.38944015256036896
57,W,P(H_3),0.7647228870810956,0.610559847439631,0.38944015256036896
57,W,P(H_4),0.17390250516475714,0.610559847439631,0.38944015256036896
57,W,P(H_5),9.98781163519832e-4,0.610559847439631,0.38944015256036896
57,W,P(H_6),3.786724323502408e-8,0.610559847439631,0.38944015256036896
57,W,P(H_7),3.2737326737051324e-17,0.610559847439631,0.38944015256036896
57,W,P(H_8),0,0.610559847439631,0.38944015256036896
58,W,P(H_0),0,0.6015349481247003,0.39846505187529974
58,W,P(H_1),1.0180919873278328e-6,0.6015349481247003,0.39846505187529974
58,W,P(H_2),0.03875602993121943,0.6015349481247003,0.39846505187529974
58,W,P(H_3),0.7363675285407483,0.6015349481247003,0.39846505187529974
58,W,P(H_4),0.22327243868080562,0.6015349481247003,0.39846505187529974
58,W,P(H_5),0.0016029118289314784,0.6015349481247003,0.39846505187529974
58,W,P(H_6),7.292630777681707e-8,0.6015349481247003,0.39846505187529974
58,W,P(H_7),7.355471875869165e-17,0.6015349481247003,0.39846505187529974
58,W,P(H_8),0,0.6015349481247003,0.39846505187529974
59,B,P(H_0),0,0.6075925214198706,0.39240747858012937
59,B,P(H_1),1.4809288997905098e-6,0.6075925214198706,0.39240747858012937
59,B,P(H_2),0.048321419294143624,0.6075925214198706,0.39240747858012937
59,B,P(H_3),0.7650922141311074,0.6075925214198706,0.39240747858012937
59,B,P(H_4),0.1855855918071451,0.6075925214198706,0.39240747858012937
59,B,P(H_5),9.992635302790355e-4,0.6075925214198706,0.39240747858012937
59,B,P(H_6),3.030842513978889e-8,0.6075925214198706,0.39240747858012937
59,B,P(H_7),1.528479745607472e-17,0.6075925214198706,0.39240747858012937
59,B,P(H_8),0,0.6075925214198706,0.39240747858012937
60,W,P(H_0),0,0.5988915467567086,0.4011084532432913
60,W,P(H_1),4.7174460880213094e-7,0.5988915467567086,0.4011084532432913
60,W,P(H_2),0.030785230870846166,0.5988915467567086,0.4011084532432913
60,W,P(H_3),0.7311521720669206,0.5988915467567086,0.4011084532432913
60,W,P(H_4),0.23647050825669802,0.5988915467567086,0.4011084532432913
60,W,P(H_5),0.0015915591330833072,0.5988915467567086,0.4011084532432913
60,W,P(H_6),5.7927843111175424e-8,0.5988915467567086,0.4011084532432913
60,W,P(H_7),3.408242325670757e-17,0.5988915467567086,0.4011084532432913
60,W,P(H_8),0,0.5988915467567086,0.4011084532432913
